x_mm,r_inner_mm,r_outer_mm,region
-317.54,121.41,206.52,ablative
-115.86,118.50,203.61,ablative
-97.08,109.88,194.98,ablative
-76.06,97.74,182.85,ablative
-55.04,85.61,170.72,ablative
-40.02,78.01,163.12,ablative
-24.95,73.10,158.21,ablative
-9.32,70.51,155.62,ablative
0.40,70.10,155.21,ablative
1.45,70.13,155.24,ablative
2.43,70.21,155.31,ablative
3.40,70.31,155.42,ablative
4.38,70.46,155.56,ablative
5.34,70.63,155.74,ablative
6.36,70.86,155.97,ablative
7.31,71.11,156.22,ablative
8.25,71.40,156.51,ablative
9.18,71.72,156.83,ablative
10.15,72.09,157.20,ablative
11.05,72.48,157.59,ablative
11.94,72.91,158.01,ablative
12.81,73.36,158.47,ablative
13.67,73.85,158.95,ablative
14.55,74.39,159.50,ablative
15.37,74.94,160.05,ablative
16.53,75.80,160.91,ablative
23.55,81.06,166.17,ablative
31.04,86.62,171.73,ablative
38.17,91.85,176.96,ablative
45.34,97.06,182.17,ablative
52.55,102.25,187.36,ablative
60.24,107.73,192.84,ablative
67.55,112.89,198.00,ablative
74.90,118.03,203.14,ablative
82.30,123.15,208.26,ablative
89.75,128.25,213.36,ablative
97.69,133.64,218.75,ablative
105.23,138.71,223.81,ablative
112.82,143.75,228.86,ablative
120.45,148.79,233.89,ablative
128.59,154.09,239.20,ablative
136.32,159.09,244.19,ablative
144.09,164.06,249.17,ablative
151.91,169.02,254.13,ablative
156.07,171.64,256.75,ablative
159.78,173.96,174.56,C103_extension
168.16,179.17,179.77,C103_extension
176.13,184.08,184.68,C103_extension
184.13,188.96,189.56,C103_extension
192.19,193.83,194.43,C103_extension
200.77,198.97,199.57,C103_extension
208.92,203.80,204.40,C103_extension
217.11,208.61,209.21,C103_extension
225.36,213.41,214.01,C103_extension
233.64,218.18,218.78,C103_extension
242.47,223.22,223.82,C103_extension
250.85,227.96,228.56,C103_extension
259.28,232.69,233.29,C103_extension
267.76,237.39,237.99,C103_extension
276.78,242.36,242.96,C103_extension
285.35,247.02,247.62,C103_extension
293.97,251.68,252.28,C103_extension
302.63,256.31,256.91,C103_extension
311.85,261.19,261.79,C103_extension
320.61,265.79,266.39,C103_extension
329.41,270.37,270.97,C103_extension
338.26,274.93,275.53,C103_extension
347.16,279.47,280.07,C103_extension
356.62,284.26,284.86,C103_extension
365.61,288.77,289.37,C103_extension
374.65,293.26,293.86,C103_extension
383.73,297.73,298.33,C103_extension
393.40,302.44,303.04,C103_extension
402.58,306.87,307.47,C103_extension
411.80,311.29,311.89,C103_extension
421.07,315.69,316.29,C103_extension
430.39,320.07,320.67,C103_extension
440.30,324.68,325.28,C103_extension
449.71,329.03,329.63,C103_extension
459.17,333.35,333.95,C103_extension
468.67,337.66,338.26,C103_extension
478.78,342.20,342.80,C103_extension
488.38,346.47,347.07,C103_extension
498.02,350.72,351.32,C103_extension
507.71,354.96,355.56,C103_extension
517.45,359.18,359.78,C103_extension
527.81,363.62,364.22,C103_extension
537.64,367.80,368.40,C103_extension
547.51,371.96,372.56,C103_extension
557.44,376.11,376.71,C103_extension
567.99,380.48,381.08,C103_extension
578.01,384.58,385.18,C103_extension
588.07,388.67,389.27,C103_extension
598.18,392.75,393.35,C103_extension
608.94,397.04,397.64,C103_extension
619.14,401.07,401.67,C103_extension
629.39,405.09,405.69,C103_extension
639.69,409.09,409.69,C103_extension
650.03,413.07,413.67,C103_extension
661.04,417.27,417.87,C103_extension
671.47,421.21,421.81,C103_extension
681.96,425.14,425.74,C103_extension
692.49,429.05,429.65,C103_extension
703.69,433.17,433.77,C103_extension
714.31,437.04,437.64,C103_extension
724.98,440.90,441.50,C103_extension
735.70,444.73,445.33,C103_extension
746.46,448.55,449.15,C103_extension
757.91,452.58,453.18,C103_extension
768.77,456.36,456.96,C103_extension
779.67,460.12,460.72,C103_extension
790.62,463.87,464.47,C103_extension
802.27,467.82,468.42,C103_extension
813.31,471.53,472.13,C103_extension
824.40,475.22,475.82,C103_extension
835.54,478.89,479.49,C103_extension
847.38,482.77,483.37,C103_extension
858.62,486.40,487.00,C103_extension
869.89,490.02,490.62,C103_extension
881.22,493.62,494.22,C103_extension
892.59,497.21,497.81,C103_extension
904.68,500.98,501.58,C103_extension
916.15,504.53,505.13,C103_extension
927.66,508.06,508.66,C103_extension
939.21,511.57,512.17,C103_extension
951.50,515.27,515.87,C103_extension
963.15,518.74,519.34,C103_extension
974.85,522.20,522.80,C103_extension
986.60,525.64,526.24,C103_extension
998.39,529.06,529.66,C103_extension
1010.92,532.66,533.26,C103_extension
1022.81,536.05,536.65,C103_extension
1034.74,539.41,540.01,C103_extension
1046.72,542.76,543.36,C103_extension
1059.45,546.29,546.89,C103_extension
1071.52,549.60,550.20,C103_extension
1083.64,552.89,553.49,C103_extension
1095.81,556.17,556.77,C103_extension
1108.02,559.43,560.03,C103_extension
1121.00,562.86,563.46,C103_extension
1133.30,566.08,566.68,C103_extension
1145.66,569.28,569.88,C103_extension
1158.05,572.47,573.07,C103_extension
1171.23,575.82,576.42,C103_extension
1183.72,578.97,579.57,C103_extension
1196.26,582.10,582.70,C103_extension
1208.85,585.22,585.82,C103_extension
1222.22,588.49,589.09,C103_extension
1234.90,591.57,592.17,C103_extension
1247.63,594.63,595.23,C103_extension
1260.40,597.67,598.27,C103_extension
1273.22,600.69,601.29,C103_extension
1286.84,603.87,604.47,C103_extension
1299.76,606.86,607.46,C103_extension
1312.72,609.83,610.43,C103_extension
1325.72,612.78,613.38,C103_extension
1339.54,615.88,616.48,C103_extension
1352.64,618.80,619.40,C103_extension
1365.79,621.69,622.29,C103_extension
1378.98,624.57,625.17,C103_extension
1392.22,627.43,628.03,C103_extension
1406.29,630.44,631.04,C103_extension
1419.62,633.26,633.86,C103_extension
1433.00,636.07,636.67,C103_extension
1446.42,638.86,639.46,C103_extension
1460.69,641.79,642.39,C103_extension
1474.21,644.54,645.14,C103_extension
1487.78,647.27,647.87,C103_extension
1501.39,649.99,650.59,C103_extension
1515.05,652.69,653.29,C103_extension
1529.56,655.52,656.12,C103_extension
1543.31,658.18,658.78,C103_extension
1557.11,660.83,661.43,C103_extension
1570.96,663.45,664.05,C103_extension
1585.67,666.21,666.81,C103_extension
1599.61,668.80,669.40,C103_extension
1613.60,671.37,671.97,C103_extension
1627.63,673.92,674.52,C103_extension
1642.54,676.61,677.21,C103_extension
1656.67,679.12,679.72,C103_extension
1670.84,681.62,682.22,C103_extension
1685.06,684.10,684.70,C103_extension
1699.33,686.56,687.16,C103_extension
1714.48,689.15,689.75,C103_extension
1728.84,691.57,692.17,C103_extension
1743.25,693.98,694.58,C103_extension
1757.70,696.37,696.97,C103_extension
1773.06,698.88,699.48,C103_extension
1787.60,701.24,701.84,C103_extension
1802.20,703.57,704.17,C103_extension
1816.84,705.89,706.49,C103_extension
1831.52,708.19,708.79,C103_extension
1847.12,710.60,711.20,C103_extension
1861.91,712.87,713.47,C103_extension
1876.73,715.11,715.71,C103_extension
1891.61,717.34,717.94,C103_extension
1907.40,719.68,720.28,C103_extension
1922.37,721.87,722.47,C103_extension
1937.39,724.04,724.64,C103_extension
1952.45,726.19,726.79,C103_extension
1968.44,728.45,729.05,C103_extension
